Group,Gene,construct,delta_TE,luciferase_log2_mt_over_WT
G3320,DMD,Full-length,-0.36692992349401354,-0.21380777777777776
G4928,FTL,Full-length,0.1823247060535942,1.204827
G3219,IRF6,Full-length,-0.3229831338860407,-3.1362122222222224
G5598,LGI1,Full-length,0.0637429134471037,-0.016487666666666668
G6355,RFXAP,Full-length,0.13812101617979033,0.2745501111111111
G3320,DMD,Library,-0.36692992349401354,-1.2541588888888888
G4928,FTL,Library,0.1823247060535942,2.5955352222222223
G3219,IRF6,Library,-0.3229831338860407,-4.762071111111111
G5598,LGI1,Library,0.0637429134471037,-0.061783333333333336
G3935,MUTYH,Library,9.560231399481367e-4,-0.8971855555555556
G3387,NF1,Library,0.16063301426352083,-0.9051911111111111
G6355,RFXAP,Library,0.13812101617979033,0.6427837777777777
