Group,predicted_TE,observed_TE
G3169,2.7987269521675664,2.663191103377415
G3187,2.70476838480371,2.4978990178415894
G3188,2.610126362225534,3.5001854447930576
G3192,2.564543106228056,2.2971134671714086
G3193,2.6171352823957403,2.3797908402928654
G3195,2.6794034649265335,2.485456468965342
G3198,2.6709099221867496,2.531909163563427
G3204,2.6448044836592275,2.684704267635329
G3206,2.577822236933049,2.4666022147882223
G3209,2.5322169064081943,2.3258318041388373
G3211,2.5096612238767193,2.0703101741842054
G3213,2.6665957320710754,2.7158851877123
G3222,2.638618010965299,2.3815623290089865
G3224,2.563261777091429,2.8013131889746723
G3226,2.7617646992193032,2.764824960715519
G3231,2.691344930292848,2.6429126089640897
G3236,2.6168069156437648,2.55788165437627
G3238,2.629587148939636,2.348501408208159
G3247,2.6051745142520004,3.0919696443118556
G3252,2.788872364585681,2.7495506444188758
G3253,2.6238826967961395,2.8851172762041846
G3268,2.8796389576480084,2.991327786966756
G3270,2.8574256989770825,3.097577134693826
G3272,2.8574256989770825,2.848885278223159
G3274,2.8767927016885646,3.124827061174104
G3275,2.8767927016885646,2.9623694773195677
G3279,2.7180489088179907,2.7665080140806153
G3286,2.5531859959687253,2.421877598273811
G3289,2.7954085048588397,3.373412625780653
G3294,2.720256657838943,2.934587256583638
G3302,2.6743300197849043,2.6129398824569465
G3311,2.8023231655807055,3.1937825074160147
G3314,2.7575883863421105,2.915972071233557
G3317,2.5346672056111856,2.343796006940439
G3318,2.465235759213816,2.4485040503382276
G3322,2.5924482492778727,2.5717006875387907
G3332,2.860265829358087,2.7808674872368133
G3333,2.804357941832334,3.086828598928631
G3335,2.5929213999940326,2.742939563498627
G3337,2.8587632638968765,3.120647924578414
G3339,2.8429925608856594,2.7939296101808475
G3346,2.8719669257284663,3.176962813569844
G3351,2.7670827132448865,3.378833898978626
G3352,2.792645542771595,2.311480401601186
G3356,2.608649543529645,2.3577627411851685
G3358,2.4779879028112584,2.660653087027545
G3359,2.6712054027745347,2.826270416076799
G3361,2.7186675071658346,2.074445165401868
G3370,2.790014401547708,3.037432664458745
G3373,2.7617646992193032,2.2565179294321513
G3381,2.491916534559308,2.4902889400371464
G3382,2.77863950080255,3.1573196879694514
G3384,2.4558630605233835,1.7640401452803027
G3388,2.817227047423052,2.564641508472483
G3389,2.610699889105501,2.784927804165474
G3391,2.7170689366651346,2.618002134000556
G3392,2.874141953463682,2.656701963537394
G3393,2.704594271325654,2.469796978712567
G3400,2.8305844698680045,3.0055737499624375
G3401,2.6429296207029553,2.9097844127743073
G3406,2.6644636682190295,2.508731183674735
G3408,2.566629075148615,2.5756916383912354
G3412,2.660212646316518,2.898797319101568
G3418,2.6742314316995195,2.5981024829712935
G3424,2.6440833180985397,2.541271971262786
G3425,2.823864888525638,2.592451997314984
G3428,2.71281411681864,2.6288500491081144
G3429,2.8374160257798637,2.8689331226326473
G3433,2.788089008992699,3.09244952814118
G3441,2.813449644137278,2.564024802363507
G3444,2.535422849152988,2.4804667736505404
G3446,2.7677668416060444,2.9592361726688625
G3447,2.5617543241750376,2.4818711711652486
G3448,2.644643964013865,2.9951383469991986
G3449,2.6622470999376264,2.62444739378285
G3450,2.651916509147051,2.3997140319150674
G3460,2.83304190704987,2.7534467637956084
G3461,2.572300363221725,1.769142841730749
G3466,2.720256657838943,2.6920796557632114
G3476,3.0401010303904332,2.8960602041812216
G3487,2.5483106024919584,2.5636184942284417
G3488,2.812417696396441,3.0362014674971207
G3496,2.5695235802934295,2.812081027478413
G3499,2.7674431732529055,2.4309586334711915
G3509,2.575055701295686,2.5560526905911543
G3515,2.7135080840780175,1.839035952556319
G3516,2.6455974926432204,2.608351391583546
G3517,2.6998122375817823,2.296513276946194
G3529,2.764880140363047,2.8314996263506527
G3530,2.5281763758481417,1.8846935359292918
G3531,2.6027634425592128,2.393494507008696
G3540,2.7089638453772293,2.1231303419764176
G3541,2.5669142502914517,2.371041322670171
G3545,2.866414873509895,2.251629167387823
G3550,2.825879193315149,2.916923797897079
G3555,2.5799014958775377,2.07106898106194
G3556,2.640715412433735,2.7688957922466706
G3574,2.8028013160521343,2.8722036819499666
G3580,2.768306920883362,2.9209804797878083
G3581,2.55946784143648,2.5442197288593293
G3582,2.60912672778441,2.544135029031342
G3584,2.6914192390946203,2.8098625094955825
G3588,2.748197007560707,2.7318755227867046
G3590,2.8532066719936666,2.7644609583148485
G3593,2.657985013676781,2.6030716399137686
G3597,2.5096612238767193,2.694612609702367
G3598,2.519622039582247,2.5407484886057596
G3599,2.7679525394507842,3.4358095083974156
G3603,2.770390642565787,2.4618616019613535
G3610,2.7700394344512738,2.678202896605145
G3620,2.653858563115384,2.5631729056926282
G3629,2.8417087166892996,2.6654100158081655
G3630,2.9008959667456136,2.8645386626708604
G3631,2.7846533376022653,2.6649341172279066
G3634,2.825684623290138,3.1030425380629487
G3636,2.6598684284470084,2.7818999802976125
G3643,2.5874999951632502,2.518623761729195
G3652,2.6267384937193263,2.603917690480322
G3653,2.654007089007991,2.756161244864526
G3655,2.7211784528396508,2.6203225238151453
G3656,2.670835609169389,3.242713413585121
G3667,2.717159699800522,2.7015717236234584
G3668,2.914630614966261,3.487433400105746
G3669,2.593199852823301,2.4504955467789666
G3670,2.70194827284051,2.844129851458907
G3686,2.695106861878849,2.5016208945224427
G3697,2.813699763535741,2.3441821380869725
G3698,2.646105496430809,2.297650873692277
G3709,2.3997633415690975,2.4789690367967347
G3711,2.577822236933049,2.5902076232381903
G3712,2.5536478873869766,2.4689716249816693
G3716,2.6545117280224906,3.218500519026867
G3725,2.6738724667067744,2.9873106530554936
G3737,2.633298338882438,2.3367782119950724
G3742,2.794489457559847,2.3517382126962008
G3747,2.6878776276097374,3.38789724015377
G3751,2.771108749089056,2.722770769488791
G3758,2.72660219037245,2.879599005147907
G3761,2.6796710524526315,2.8387210936055327
G3763,2.6552172105848233,2.4971041493845054
G3764,2.7337332046202834,3.1471470089596907
G3767,2.528326327778522,2.3582358239482395
G3772,2.8420215046908712,2.4922487346464886
G3774,2.8056907789480245,2.46689926461561
G3775,2.9057837894825824,3.4554407380819385
G3779,2.7699782460075544,2.5046492105290628
G3781,2.7067513421069456,2.503859143913845
G3782,2.6651105690989376,3.0012507116203695
G3785,2.677797869106136,2.6097612925816938
G3786,2.5810009709545074,2.5201264798878418
G3791,2.5704373232482833,2.615702757972582
G3795,2.5593886626246034,1.8989781120276774
G3796,2.5667868818496773,3.3186001545611132
G3797,2.6346019191737673,3.0041986787998796
G3799,2.5282755392778933,2.837710017762204
G3801,2.8692176957059137,3.188643806806899
G3803,2.5823615058478535,2.607508703271207
G3807,2.5838773177522647,1.5924533939199224
G3821,2.594069723460885,2.3582484630150247
G3824,2.7965519428043444,3.4394029934391113
G3826,2.460859488876813,2.361131741971352
G3834,2.8269517198973375,2.89867265303067
G3838,2.8724147801767375,2.605700818709236
G3840,2.6088455281604723,2.540413400023681
G3841,2.618806343866,2.3365693941961156
G3843,2.7979041882279736,3.072480746525257
G3852,2.459056062597228,2.677264796556824
G3856,2.8221652981279433,2.4678346600965377
G3863,2.6814312807777427,2.942139033106743
G3864,2.5052324733227613,2.383899267802067
G3866,2.64540734838308,2.271784043715801
G3867,2.6520958498210616,2.12598385919215
G3874,2.8765954273457233,3.2491825373532555
G3875,2.7008457993591555,3.3877300075088352
G3876,2.617306898088731,2.7502052200647786
G3889,2.590425373892228,2.518538780687841
G3890,2.5343161969958934,2.5960462702276317
G3911,2.7630757207672043,2.9551596668649007
G3917,2.4130240840246433,2.7523815528606166
G3918,2.6330894547000647,2.539479395561149
G3920,2.755114872892256,2.9350888062423865
G3921,2.753819373019002,3.568722109722683
G3922,2.660657423323231,2.9609612249643016
G3923,2.8269181630591116,3.089929525165632
G3924,2.8428925811882135,2.9017177166482635
G3928,2.668979181062018,2.4998886952868897
G3929,2.8230558064326923,2.8678546290382374
G3931,2.4466155924291937,2.331030249936303
G3942,2.6340916626369277,2.6443184812307745
G3944,2.3961584908840097,2.4601529534130555
G3946,2.4712818272226387,2.4022606144971035
G3952,2.799453796853236,2.091619947076861
G3955,2.700609489150482,2.5161147819143106
G3959,2.7030254066975243,2.0665277072016295
G3962,2.9577836918387868,2.413728064057057
G3988,2.757676526238932,4.094620018017947
G4005,2.7879672223178633,2.768191421874203
G4023,2.677306761679051,2.6367341776898394
G4033,2.790592524683241,2.559665899429558
G4034,2.7277445226080865,2.137787279236613
G4040,2.663609929529854,2.690049261688371
G4048,2.8856685056334057,3.257669448030579
G4055,2.5930002985286236,2.5703862939365933
G4057,2.889373684148423,2.726995313818083
G4059,2.7523926145238806,2.1609640474436813
G4061,2.727931424115851,2.889216944389115
G4064,2.5775829515273965,2.719665823849831
G4068,2.753182223149301,1.2596870795467896
G4076,2.8387754833180043,3.033178557850305
G4078,2.709887224048838,2.5121928498813544
G4082,2.776472026733682,2.675494640500229
G4085,2.705291413829684,2.808650788848553
G4086,2.7136887699123773,3.9021488167318585
G4095,2.56042359662448,2.22497499230923
G4096,2.8191064017422147,2.814950685319647
G4099,2.652221258394274,1.4309272497426153
G4100,2.5168859961314087,2.0631823858449847
G4101,2.8048822646180605,3.5182495719802462
G4102,2.7741900165751603,2.528928422921199
G4103,2.8982896942423237,3.1771369998081367
G4107,2.6865504586795947,2.687057486361522
G4114,2.783430726425257,2.971137324291384
G4125,2.7684808027935817,1.8749927265230117
G4128,2.5958335006427493,2.7238859895555896
G4133,2.7547792830395674,3.6164673994840566
G4139,2.696496086297689,2.434161658526781
G4147,2.769421150925085,2.5292615268139516
G4149,2.6112045612128867,2.3124738139830376
G4155,2.842747295205105,1.841960436954617
G4157,2.7485598437187453,2.642767958189282
G4158,2.587499575716188,3.2329238127047355
G4165,2.7215369245653602,2.78076625591983
G4169,2.7356043489776636,3.4002374183584974
G4175,2.5358160385455695,3.3663944700264286
G4180,2.621110474875289,2.6761258969613584
G4184,2.7115761088598327,2.8325119103398775
G4186,2.720006978325967,2.7576741951758867
G4187,2.5326865042344204,2.356295302236579
G4189,2.4522545714521775,2.4194439787252087
G4192,2.7355786559571067,2.5724446777834724
G4193,2.7685737473101355,2.6322172439924145
G4195,2.779359949456084,2.477283351014402
G4200,2.5775828503150104,2.5847135753092703
G4201,2.7794034185017717,2.6089954651655307
G4217,2.7628378231482067,2.639817845850149
G4218,2.7233240647244013,3.0749401873603532
G4219,2.7180136915459787,2.6619435548611046
G4234,2.7954051541882365,2.9709914414045473
G4236,2.6039201164086627,2.6209836872142467
G4241,2.6454281245857927,2.5469467776409007
G4242,2.6161072026452246,2.4126668211651543
G4246,2.65143812153211,2.6228106451665885
G4255,2.696179860285842,3.225389553241223
G4256,2.732133891270731,2.6609640474436813
G4260,2.833844598376149,2.644729997259554
G4264,2.809019894392931,2.572932402725061
G4270,2.520792181307821,2.320967602693291
G4273,2.7166088261875476,1.9590238521247305
G4276,2.4550458993440927,2.4109782196832423
G4281,2.6247964397509937,2.7248444662289413
G4282,2.8855783007926563,2.9403151152485734
G4284,2.7918062592528714,2.253897320099348
G4287,2.777043528950414,2.3703728215972335
G4289,2.7759465581303315,2.6762480261246218
G4290,2.784102962218053,2.9282723708093963
G4291,2.6227434216626397,2.540693666588344
G4294,2.6760802157277266,3.185291268788335
G4296,2.8348220550303025,2.568575148889063
G4297,2.892204800554167,2.6242501044444446
G4298,2.6094481380768766,2.207479068713273
G4340,2.8219823424009984,2.2835724747265016
G4341,2.7452102024389586,2.884188606088208
G4342,2.755511103189782,3.9749375012019272
G4344,2.6987695316079305,2.573204932154564
G4352,2.5353729147749298,2.5759607421178243
G4357,2.752561112746351,2.7571030331285318
G4360,2.634601751784779,3.0214379573219445
G4367,2.8452948380867817,3.0144405599935644
G4369,2.9220893749691044,2.8455807869542804
G4374,2.972749386251552,3.1586984057404144
G4376,2.8494324138830662,2.5165474435868473
G4379,2.76251309211733,2.2687042751728805
G4387,2.9158483409715767,3.527819636710256
G4407,2.8428925811882135,2.6920494487656055
G4411,2.7385709738588586,3.159477526855784
G4412,2.5875184952902033,2.0670245666709923
G4413,2.7058897711989083,2.8383835935030555
G4414,2.637771186782115,2.191797930624126
G4417,2.637771186782115,2.0900356329955043
G4421,2.806960754736105,3.405654653437241
G4422,2.47168536475195,2.488303011911244
G4426,2.8274552100743366,2.637002766715373
G4432,2.696274983692431,2.817773962429901
G4436,2.6878776276097374,2.887356917354679
G4437,2.8400342268274135,3.0139326175518018
G4441,2.6723579466670064,2.5929334123317602
G4450,2.7572278132103536,2.694313054340073
G4453,2.777043528950414,3.426149819406827
G4462,2.6779168119042103,3.2228368546774653
G4463,2.9367005768593106,2.6057405234521913
G4466,2.621361470668231,2.0182911131260344
G4473,2.5530253773994063,2.403708034409936
G4481,2.8538483708995535,3.405581952731769
G4487,2.639707512638111,3.879305762085494
G4489,2.6088375307672007,2.409105033301831
G4501,2.8193394581361906,2.826701052188104
G4503,2.5174594213777,2.9562673271456648
G4505,2.4373022979147168,2.566045035296738
G4511,2.4069598804958856,2.1712719876645226
G4513,2.4628926273880283,2.2313991726770372
G4515,2.9087558915986036,2.804431909781029
G4521,2.8110936590969,2.829798505720777
G4522,2.7539159547945653,2.9190968061085676
G4525,2.5182136610843995,2.3344887729830255
G4540,2.619089931058989,2.389936457427962
G4541,2.669442649221006,2.5094388404857377
G4555,2.7697926753188717,3.050220765910971
G4560,2.914990749042813,1.5
G4562,2.776818172842088,3.0896448583884464
G4577,2.518215560142614,2.0117453266186534
G4586,2.5513498752307084,2.5230672235927663
G4588,2.5954117807595907,2.6880331444317074
G4597,2.7177757017362123,2.7739416083611164
G4614,2.6008147656044818,2.8140057284564666
G4615,2.7016433864340597,2.6710423274604627
G4618,2.659183386170603,2.5196411678103963
G4622,2.487457347670227,2.6194167850952588
G4629,2.672795328709477,2.5084051371415477
G4630,2.7930506936849584,2.5311646332271276
G4642,2.6156451677420485,2.481827663129226
G4647,2.646105496430809,2.5397580799761963
G4650,2.652013920301202,2.516534897669472
G4651,2.652013920301202,2.777965934812466
G4654,2.626451242523005,3.599760540507307
G4666,2.589756649304464,2.5114022155899964
G4667,2.7933112367742807,2.7655730301659025
G4669,2.7928391042581815,3.1784467287543485
G4671,2.757617944571723,2.670685146197439
G4672,2.6504536733966684,2.691894524966768
G4674,2.7533361453561036,2.919940156011635
G4675,2.7874228290277108,3.8700724790227774
G4680,2.6909379147515566,3.778339364775935
G4682,2.687531599410687,2.386792263350072
G4694,2.615389041603327,3.068132424850157
G4698,2.6834186352455704,2.3398798794161375
G4707,2.814779102476122,2.330760114008409
G4709,2.5683083024033753,2.8112646862516395
G4714,2.622123822284297,2.6446645137698708
G4721,2.857394859220998,2.9643513941440376
G4723,2.656713213016244,2.657887733191949
G4731,2.5138367439667144,2.555138129785894
G4733,2.694416495016838,2.889838419718566
G4735,2.6614828360880605,2.8737857747261035
G4736,2.6776763447384044,2.826218467168006
G4737,2.6776763447384044,2.71763587244339
G4744,2.6928020873757865,2.248277945833182
G4749,2.8547052576537086,3.2900974891405275
G4750,2.72533584853759,3.340095166948216
G4754,2.970102067230571,1.535194663945699
G4760,2.6857298614218252,2.5708208456328228
G4765,2.6770784094515685,2.0628117664779957
G4770,2.677872956135905,2.5253959040075338
G4771,2.586649883151754,2.53375562368392
G4775,2.966299251735899,2.737537133514621
G4782,2.7271502668310856,2.3257599744999724
G4784,2.556734121665159,2.856679374664001
G4788,2.6757736059537898,2.7496799048609106
G4791,2.757723343497227,2.6350739975652893
G4792,2.734007568291884,2.891606884078661
G4800,2.519622039582247,2.5582580256255714
G4801,2.7173248793482356,3.216029560336694
G4804,2.719305580725001,2.7501029227920037
G4808,2.5924174095217882,2.636311336977045
G4809,2.586185221900749,2.9801861027913046
G4816,2.958655957838137,3.8845499502067415
G4821,2.7462969079476514,2.173866813241242
G4824,2.902772268094398,2.9130648683866363
G4826,2.7123932700391236,2.906857770542843
G4827,2.6982261308868245,3.5473505643093253
G4846,2.8452948380867817,2.117027669431014
G4847,2.815154396634613,2.9595910827770604
G4854,2.629522117407436,2.510475337145019
G4858,2.4825497438369446,2.1480766345946902
G4861,2.6073330636867698,2.5609053034433473
G4862,2.534572117642778,2.4063741930170655
G4866,2.5694754060546225,2.5855883253972864
G4867,2.836583639702562,2.7164404617961515
G4873,2.618298769480873,3.04155764847731
G4874,2.583351389540258,3.7898657820928925
G4876,2.6668318391604595,3.3035022483955725
G4879,2.8393375185255034,3.686432530056294
G4880,2.5923451065691996,2.5174640937514132
G4883,2.79131514242953,3.022506687115372
G4886,2.8120861598039033,3.3600195850001215
G4892,2.646037177594852,2.3714986097076767
G4893,2.612427895249106,2.69621367748254
G4895,2.811648711250377,3.1347145598935944
G4896,2.6649091234069933,2.508640789356319
G4897,2.8546566363479466,2.604593730405679
G4901,2.605823932233227,2.178571920960095
G4923,2.7796723458078603,2.675298576846191
G4933,2.6759635954126746,3.563462017825723
G4935,2.7978148337700617,2.8718327579622196
G4937,2.6282353732347676,2.7858977166305676
G4948,2.6338743522577515,2.597755552818635
G4954,2.846722231082301,3.285423296565873
G4955,2.783430726425257,3.6812622655544534
G4959,2.6156451677420485,3.0937620367966723
G4960,2.848673169796254,2.1811277989899187
G4973,2.931199358530497,3.018443839204192
G4976,2.9109907718097765,1.4554407380819385
G4983,2.550045620227177,2.4440379381854402
G4985,2.7070389181016403,2.7799500009615414
G4986,2.7115761088598327,2.753897320099348
G4988,2.8346215544736277,1.7631688723983283
G4989,2.8346215544736277,3.093263484389721
G4991,2.5840730379550583,2.8195081904298656
G5001,2.5588373501187713,2.5543184836365027
G5010,2.765129237963053,2.8563436585109696
G5012,2.840299987999064,2.9872840634514932
G5015,2.6075005937469626,3.176603367907397
G5022,2.7010005302917537,2.726282202077112
G5024,2.5354176148900143,3.492127229189078
G5028,2.84004484263731,2.6333767486778195
G5050,2.764208297821519,2.776876626853365
G5052,2.860333023848211,2.0839965129222735
G5059,2.651916509147051,2.6280568397028117
G5069,2.737039163776931,2.8053189643477543
G5075,2.768733066546552,1.7887607628501336
G5091,2.666222542730872,2.740007160054983
G5094,2.7058897711989083,2.535677052766903
G5105,2.480785843081675,2.434255279266823
G5106,2.6436537286039092,2.6542671731614087
G5111,2.5730184634504276,2.2014095897552624
G5112,2.5223085278371173,2.4484893594372075
G5113,2.5825356078111525,2.501529973257406
G5116,2.347864343726046,2.177945277258834
G5117,2.662630773981526,1.5599940351410047
G5119,2.574799302524966,2.6304799884150603
G5125,2.719376903901818,3.011607092085938
G5126,2.732462983162524,2.431977628784806
G5128,2.6308857198921336,2.7217600862036955
G5129,2.7373324998731277,2.8026593380349096
G5137,2.6531382122605605,2.9628273116114867
G5153,2.6246932970423202,2.772160258111905
G5159,2.559546575154086,2.639940230120388
G5162,2.788872364585681,2.069980226763397
G5168,2.599888354261283,2.5313792804611204
G5173,2.550862781406468,2.2201907783421966
G5175,2.541343134298463,2.5090188327763494
G5184,2.547678591005912,2.32772755697049
G5189,2.812417696396441,3.2620484503113705
G5191,2.5160059120634477,2.292013011634638
G5208,2.511848533268629,2.630477050379049
G5210,2.863389154121867,3.759162653845433
G5211,2.770755144792432,2.7354806439385957
G5212,2.693142887642693,2.600662172634493
G5213,2.7459691930839325,2.705926286564136
G5214,2.702524566265343,2.5622798943708016
G5216,2.8025557559477576,3.694342328916564
G5218,2.572308279636412,2.794842946649898
G5219,2.7584055475214013,2.82106311269251
G5224,2.6544827079163524,1.8962577786863264
G5227,2.2832358911894497,2.0855794941908337
G5229,2.646451524629859,2.079259364541585
G5230,2.618298769480873,2.8279265985979976
G5233,2.62930339796518,2.52599321033548
G5236,2.828644744059536,2.6493381008288717
G5241,2.818350708872735,3.081843155536558
G5242,2.710370057589014,2.938208208644397
G5245,2.832036240800451,2.953445297804259
G5246,2.5425948828054974,2.147112292649282
G5249,2.3828659603323192,2.4364426860359094
G5251,2.576493309078579,2.1781836165123534
G5259,2.698073912103781,2.883953974120397
G5270,2.939222985149113,2.7727308756955305
G5272,2.457420555393039,2.606836290424935
G5273,2.359692451718318,2.251520680019695
G5275,2.4811938455560525,2.0963044867966505
G5282,2.374496966623432,2.2482595192708255
G5283,2.4698686748134255,2.426113131384169
G5284,2.431553267838169,2.582428293227735
G5302,2.7972697206683748,2.4548561009806926
G5305,2.696405738433862,2.536826203291307
G5306,2.696405738433862,2.7314013216339776
G5308,2.7050368813002676,2.749479213897952
G5317,2.786360847245842,2.2325368826070373
G5321,2.5066618621936945,2.5819880728281412
G5322,2.5672458409843895,2.5099475108564544
G5324,2.345688118928252,2.3396529361782608
G5327,2.374788199590716,3.0967582978724235
G5328,2.4472631136202443,2.2615790189743565
G5330,2.467381371098566,2.4229668160565536
G5333,2.393064949779393,2.482180248413074
G5335,2.427215479065827,2.3765993463340402
G5337,2.3617255902295335,2.442801192598046
G5339,2.3516388467995144,2.1099009072340817
G5344,2.4612744846440893,2.3487472026047205
G5347,2.4857822714351046,2.552709536892149
G5348,2.550702167536991,2.5203718471155767
G5350,2.450867833415201,2.586125465174607
G5356,2.6060806764515263,2.5446583438286035
G5358,2.600321912708198,2.873493567144002
G5359,2.5781919777031916,2.530548180881598
G5372,2.6612522174540585,2.5254032388333365
G5374,2.5453337304804573,2.9837851228804606
G5377,2.4932076793499336,2.7822152246116083
G5397,2.8345505011913463,2.8669586544027257
G5399,2.7520525237588314,3.1175054715735953
G5402,2.7693133554010676,2.9221780282447476
G5421,2.686955547010861,2.842143696967128
G5423,2.7181268331500785,2.860112291703239
G5426,2.7292269239891054,2.6908715528774487
G5428,2.727037516848855,2.65619135502419
G5438,2.727037516848855,2.528790231704655
G5446,2.749332389757042,3.1727886579635887
G5448,2.7616454266597334,3.1900203060678747
G5449,2.775982688037333,3.008203808749146
G5452,2.768171557589048,3.1250596650984654
G5457,2.761319950934125,3.1018061499128935
G5459,2.823826900077343,2.934614779745379
G5460,2.8138660843718157,2.8945719917267616
G5461,2.816761617134483,3.3655918276071466
G5467,2.8556179728283304,3.2171298922671063
G5502,2.9459382572330775,2.7721602581119056
G5503,2.9480096078541838,1.636509247203208
G5506,2.9336415528480373,3.3727964108734394
G5508,2.9165766616889717,2.9784992308316096
G5509,2.857362942102569,3.325139876208636
G5512,2.8430027227553976,2.877182060697104
G5515,2.836583639702562,2.8602737507458462
G5516,2.8212645218801193,3.1852632280290263
G5519,2.8212645218801193,2.770068746224306
G5520,2.8212645218801193,2.7647808492325883
G5522,2.7583586060112335,2.7749251616288593
G5525,2.8281862836198686,2.875979869162764
G5526,2.838288406295083,3.022141975616716
G5532,2.7727235959837713,2.569775676199397
G5540,2.7300149598376686,3.571987330085048
G5559,2.8481830310897815,3.628399334795719
G5562,2.840784811864707,2.9197363693711873
G5567,2.8695566071957543,2.313491188198327
G5571,2.861405671267285,3.7675450950851355
G5572,2.884569525608474,3.6806833929633846
G5574,2.594113868101998,3.3531641132092393
G5579,2.5605029689428966,2.7835193064047052
G5583,2.5376187722463355,3.144385568449715
G5584,2.5329858984774964,2.6051105475934793
G5585,2.5294485448699846,2.5630329012571664
G5587,2.4841114427456255,2.4380448603362375
G5589,2.585031524505165,2.5203892403483756
G5590,2.615390252745039,2.689393143171877
G5592,2.3336844437648807,2.399461808437833
G5593,2.524474799902565,2.538838359866283
G5597,2.5675923583927505,1.8912063468779805
G5606,2.8146074552008673,2.824501945747965
G5607,2.8120861598039033,1.9972175524288267
G5609,2.551787884299362,2.399473063027103
G5612,2.3768517054088485,2.4523148784303848
G5625,2.8264413143456295,2.9472453748037517
G5629,2.5225997608044013,2.4316838362866267
G5634,2.7374136450896662,3.5128662555678134
G5635,2.5723312029778094,2.5468060013303746
G5636,2.5611293057882247,2.648435268970103
G5638,2.6554501017500978,3.2281846109097727
G5641,2.895121945036288,2.6282764863853245
G5642,2.7814229528705066,2.7319810775433404
G5643,2.8649052428617776,2.8943458510577837
G5650,2.809378642430663,3.256533506173994
G5653,2.887145142800538,2.9226913409248114
G5656,2.694398825364417,2.5906536718408035
G5660,2.745622334495339,2.6866761913376815
G5664,2.5172999181295457,2.3101491217159924
G5665,2.3497618459266367,2.1608066202286373
G5670,2.3963773434975097,2.1467236366466365
G5671,2.4628094282118544,1.4589204475845297
G5674,2.5743098939244686,2.623482970975708
G5675,2.500100408658707,1.9160642831964867
G5680,2.562547711197879,2.364357721174388
G5682,2.4706806716500442,2.637094447315067
G5684,2.5760515919696707,2.535458118859979
G5685,2.3545766317206174,2.8005997097116757
G5687,2.55722288814266,2.4596691930989047
G5688,2.5374559876642038,2.566803521102473
G5709,2.5105525037291465,2.4190943560021534
G5710,2.4826079090812616,2.732799855238217
G5711,2.576702435979245,2.69778470206682
G5717,2.643395431188544,3.164604441022663
G5728,2.7039905830590545,2.412410918764862
G5729,2.858170700831589,2.789710380652369
G5738,2.858170700831589,2.7062351389454804
G5742,2.8482098851260615,2.839051049460201
G5774,2.4153596379536726,2.500905065432765
G5779,2.4886842460786265,2.2592398961856457
G5782,2.4988466583729174,2.094998327882319
G5784,2.378884843920064,2.315511584951163
G5786,2.5997904580165274,2.2115364671843043
G5802,2.7117572929185942,2.7901685957462217
G5803,2.6699085424539772,2.9168030572020074
G5814,2.751467414920517,3.1444336379915208
G5819,2.54753084230199,2.551847481033556
G5823,2.694623863727025,2.455966290061848
G5826,2.7457550380648907,3.2214717479243644
G5827,2.755114872892256,2.989075419611998
G5829,2.7657642449721496,2.657481348846926
G5842,2.8632728312223144,2.630442134964996
G5847,2.823610815671218,3.282039057778909
G5850,2.8544786976948306,2.469796978712567
G5861,2.604016698184226,2.575212202094466
G5862,2.6600364622150514,2.752374891073588
G5864,2.720566446169962,2.8290600114096254
G5865,2.6761934617240137,2.615571485616918
G5869,2.566814645837298,2.3580348709250285
G5875,2.721764421133875,3.4482630175653917
G5877,2.716796105599521,2.4839031947759973
G5887,2.457420555393039,2.30035383893544
G5888,2.467381371098566,2.3276505041585622
G5890,2.5182136610843995,2.589517766381763
G5891,2.558516894208758,2.5163394719520356
G5892,2.5965409385061613,2.6996999355604174
G5894,2.5492382907926605,2.4416962984883055
G5896,2.4637231711667082,2.321352556182536
G5900,2.519414478240305,2.583862096688816
G5904,2.373185647660759,2.3995403851737187
G5911,2.3544831271879736,2.7008419970156905
G5913,2.4688442482850217,2.5114694618686446
G5920,2.673664570918203,3.1987604479134397
G5921,2.8217612091995585,2.504140466150604
G5922,2.830158565282252,2.8424923353534655
G5924,2.7256806425074847,3.178037337138502
G5927,2.4506155696622303,2.5244787334178342
G5928,2.4559920603958756,2.50209974041275
G5947,2.611863426228162,2.4826843984565166
G5948,2.5674904417822138,2.5544254910619646
G5949,2.575998220622657,2.4146132974377985
G5952,2.6041271209419756,2.3931045670633715
G5957,2.764439399149967,2.9046189376751803
G5963,2.787035137064889,2.484390876055205
G5983,2.4607762897006387,2.4252710701918323
G5985,2.387114221908131,2.236155778248261
G5986,2.333663324955425,2.016619329175736
G5990,2.406046137541032,2.3629883549150774
G5991,2.5529149546416567,2.4688572390618466
G5992,2.8056300375908387,1.841187318685671
G5995,2.849889422584453,2.6721095622866264
G5999,2.678830554859064,2.378657119779004
G6003,2.53547052580829,2.4459378550368065
G6004,2.542175380948387,2.50334298093572
G6010,2.7282969472307816,2.6810762452245718
G6014,2.67869529663651,2.57511545696311
G6016,2.684927041211405,2.9900641357032636
G6017,2.684927041211405,3.1493721018031544
G6019,2.7277801896076923,2.6815045459301756
G6021,2.6785503888820856,2.799658493740782
G6022,2.6707036608381496,2.8307103410148575
G6024,2.5769247197020815,2.1904108919704655
G6032,2.7291222912302464,2.851239591156204
G6033,2.593825846031926,2.191636278685744
G6034,2.8735773478854276,3.036891737050259
G6045,2.56894515522428,2.4829245430895655
G6052,2.785403249018287,2.8401407495088153
G6054,2.490678330054781,2.649611475192895
G6055,2.394121984918989,2.6513874733324823
G6064,2.7169513109389802,2.7629422555633623
G6066,2.488676715766724,2.4248957704830145
G6067,2.504699835942794,2.470588668149224
G6068,2.8349788691829647,2.6103715582520794
G6080,2.681292146204554,2.986627073200573
G6084,2.790306777477503,2.904524622307266
G6095,2.7462969079476514,3.026081390434192
G6098,2.820979346737283,2.8502198590705463
G6102,2.788872364585681,2.2651548553056156
G6103,2.887374552983218,2.8268501490880578
G6112,2.6287747811956486,2.518848881531281
G6123,2.6606186144769675,2.200191685650606
G6127,2.665577961152656,3.0309842844890813
G6133,3.0132142017585446,2.5221970596792267
G6135,2.8744677199292434,3.092816486073494
G6141,2.8090507341490154,3.0610739413519235
G6146,2.7716231787070598,1.726415102111806
G6147,2.819886063886935,2.3064294002469135
G6149,2.503024724301809,1.8525079584395143
G6150,2.4487125215286993,2.305070994686338
G6152,2.479598179606087,2.420557648509397
G6154,2.625372238520086,2.4460157718417563
G6155,2.4831769464063336,2.3988757386663435
G6156,2.5733269339305793,2.3052930502876254
G6161,2.906331401210133,1.7617809780285065
G6162,2.8919711818629614,2.9146931790117137
G6163,2.872242138112611,3.612367421817219
G6170,2.5390198820498133,3.0600323332920816
G6171,2.5417623030767427,3.169925001442312
G6174,2.706406227868578,2.847485271678923
G6179,2.8671553156354315,3.4219424977449804
G6181,2.7477157105334045,2.4109101920910447
G6184,2.8913051497660702,2.292481250360578
G6186,2.877435420078772,2.3097317242514936
G6189,2.8046191118322676,3.634878207222717
G6194,2.7122540179631103,2.320724343703236
G6201,2.5553743141901846,2.6549091888168728
G6207,2.5304149646251783,3.1054347840828447
G6210,2.623143348366493,2.573069166780733
G6219,2.7591769966949236,2.54860794388946
G6220,2.7084246169800363,4.066926363505338
G6243,2.5099681559903013,2.315408117167612
G6247,2.559562764587902,3.0104806205920496
G6250,2.60965567720721,2.666869582392752
G6255,2.502941525125635,2.5543904443572845
G6259,2.6450102392064743,2.5115706228565253
G6267,2.8494652230100472,3.032501818606005
G6269,2.727089152719031,2.9118403601007876
G6270,2.696274983692431,2.769988829051996
G6272,2.7297558682081218,2.8824221059677204
G6273,2.7359065800623124,2.46702741288725
G6274,2.739990395453354,2.3977855861611506
G6281,2.6913933586855507,2.6691293486921412
G6285,2.810413283389459,1.1632909107338114
G6296,2.764421110778282,2.8440790417239388
G6298,2.714948944559644,2.6618812387462913
G6301,2.574799302524966,2.338213483667948
G6304,2.608014178279843,2.954351175654709
G6307,2.6357779278313953,2.532253690679808
G6323,2.587694113022483,2.5632340938148754
G6328,2.936613479112872,1.4587689199040135
G6329,2.560358846139432,2.729127657343809
G6331,2.5629020936175224,2.6921858786658857
G6338,2.7860778909257653,2.5131608887997734
G6351,2.8362984645597256,3.025215183168328
G6352,2.964117922008267,2.4215589443178778
G6357,2.634457570413116,2.6110055350756896
G6360,2.7729111324754436,2.813183666481547
G6366,2.410828468472299,2.4491343094319213
G6370,2.4745041402192975,2.536096003564333
G6373,2.2557318784848253,2.3589233772138076
G6386,2.6918403159369806,4.0610050002942515
G6387,2.7089638453772293,4.048213554629715
G6389,2.673225565826866,2.1531438728790993
G6390,2.9709141754487933,2.337820753268854
G6391,2.976837906548697,3.2432591148876297
G6393,2.7386148296271635,3.008902503217673
G6395,2.7746925218967378,2.6386778086956344
G6397,2.835790420673626,2.7895799018440903
G6399,2.799453796853236,2.668606022033655
G6405,2.811072912481285,2.7701544853755853
G6407,2.811072912481285,2.6749570791801274
G6414,2.7720340236041126,2.820753930103174
G6422,2.639283075974827,1.5
G6436,2.680551297746991,2.8744786715868766
G6446,2.4800518810785586,2.434115055225309
G6449,2.4559920603958756,2.7913988321838428
G6460,2.459521502473085,2.1468929429415087
G6464,2.4000428962630047,2.1145934912398
G6466,2.4230157394862553,1.9183503960164798
G6467,2.3916763799363956,2.4078929711413934
G6468,2.4230157394862553,2.211954654366999
G6469,2.4423827421977373,2.5198085816015063
G6470,2.3586148942249117,1.978958573917677
G6471,2.5848906651612724,2.480211798627002
G6472,2.5678279932463055,2.4192834222768655
G6474,2.3518153563674655,2.334731161124829
G6477,2.910485285034431,2.218936253150653
G6481,2.7852134328872764,2.8594668142336275
G6483,2.6776242910173957,2.160964047443681
G6486,2.7668057401019546,2.672438195100723
G6495,2.853328327347712,2.750039827334468
G6496,2.879418837590226,2.949676826388588
G6502,2.653785609783511,2.2941664577466723
G6506,2.5874999951632502,2.4587764735734035
G6508,2.6291076392341175,2.0068753178085013
G6515,2.596792870976235,2.4994307566319867
G6518,2.677105710871712,2.0756099833718107
G6519,2.762594237333869,3.5658167583743814
G6524,2.8252479381602384,3.0019632038267483
G6527,2.581814037182275,2.4346756061800536
G6530,2.7175967069502756,2.8679013734722414
G6534,2.8298086880840603,3.1730872728744624
G6536,2.507034887554945,2.645488119126874
G6538,2.7211117004713152,2.679807780213723
G6542,2.501665433840265,2.5024337755976678
G6544,2.5707105593019435,2.8083877811242317
G6547,2.718665674653765,3.0162920480591056
G6548,2.7785559934241166,3.120028212139932
G6550,2.801127150374534,2.8389557678276685
G6551,2.7709915934165625,2.783107039207945
G6552,2.5449152598435174,2.4793241284899477
G6553,2.5662243165233325,2.3347200813506035
G6555,2.6421894383690137,1.7399885613139694
