feature_id,label,coefficient,ci_low,ci_high,selection_probability,direction,class
RBP_M086_0.6,AAAGAAA (SRSF10),0.032780289795141034,0.013244925296128723,0.052315654294153344,0.71,increases,RBP motif
RBP_s52,AGGAGGA (SRSF2),0.02520447543543711,0.006289600759039449,0.04411935011183477,0.91,increases,RBP motif
RBP_s37,UGCCGCC (SRSF2),0.0207858686447054,0.0027549472609607294,0.038816790028450066,0.77,increases,RBP motif
RBP_526,UCAAA (RBMX),-0.008244384574365594,-0.020284885181712745,0.003796116032981557,0.74,decreases,RBP motif
RBP_12,UUAG (KHSRP),-0.013028421266577122,-0.025348844998890018,-7.07997534264225e-4,0.87,decreases,RBP motif
RBP_1103,AUUUA (ELAVL1),-0.018348522567779094,-0.02909772609574307,-0.007599319039815117,1,decreases,RBP motif
kmer_CG,2-mer CG,0.10601553632207425,0.08842041322321441,0.12361065942093409,1,increases,k-mer
kmer_TGC,3-mer UGC,0.028620666903027503,0.014808395479219522,0.042432938326835486,0.95,increases,k-mer
kmer_ACC,3-mer ACC,0.02445993370563829,0.010390030569974552,0.038529836841302026,0.98,increases,k-mer
kmer_CAG,3-mer CAG,0.01897829309313114,0.005586308444923827,0.03237027774133845,0.99,increases,k-mer
